"year","fips_state","state_code","population","fte","expenditures","expenditures_infl","fte_per_100000","expenditures_per_capita","expenditures_infl_per_capita"
2010,"02","AK",713910,508,85474200,104021945.202759,71.1574288075528,119.726856326428,145.707365358041
2011,"02","AK",722128,,87724840,103407588.230696,,121.4810116766,143.198419436299
2012,"02","AK",730443,441,,,60.3743207888911,,
2014,"02","AK",736283,,107674100,117424851.239529,,146.240100613487,159.483311769426
2015,"02","AK",737498,,108784200,118599555.725465,,147.504400011932,160.813393020002
2016,"02","AK",741456,469,109413300,119085959.147505,63.2539220129043,147.565465786237,160.610958907211
2017,"02","AK",739700,,102649000,108767477.425941,,138.771123428417,147.042689503773
2018,"02","AK",735139,,104178100,106432157.425602,,141.71211158706,144.778276524034
2019,"02","AK",731545,426,,,58.2329180023102,,
2010,"01","AL",4785437,4300,552647855,672571429.615397,89.8559525493701,115.485347524166,140.545456896705
2011,"01","AL",4799069,,563582818,664335665.675073,,117.435864747933,138.430113356377
2012,"01","AL",4815588,4129,,,85.7423849382464,,
2014,"01","AL",4841799,,488242841,532457136.611217,,100.839138716828,109.970929526653
2015,"01","AL",4852347,,472893914,515562077.081749,,97.456738769919,106.250042934223
2016,"01","AL",4863525,2576,470918100,512549512.887562,52.9656987473078,96.8264992983484,105.386425049231
2017,"01","AL",4874486,,465913281,493684422.387102,,95.5820328543358,101.279277935582
2018,"01","AL",4887681,,482896377,493344601.380875,,98.7986689393191,100.936333893492
2019,"01","AL",4903185,2613.5,,,53.3020883364589,,
2010,"05","AR",2921964,2809,342159340,416407291.511266,96.1339701652724,117.099094992272,142.509384616397
2011,"05","AR",2940667,,362005147,426721544.073134,,123.10307389446,145.110461018923
2012,"05","AR",2952164,2636,,,89.2904323743532,,
2014,"05","AR",2967392,,373726120,407570010.293341,,125.944303954449,137.349568339249
2015,"05","AR",2978048,,372463274,406069804.44267,,125.069600624302,136.354351723904
2016,"05","AR",2989918,2275,341753255,371965877.671699,76.0890432446642,114.301882192087,124.406715392094
2017,"05","AR",3001345,,297111044,314820590.27626,,98.992632969552,104.893169654358
2018,"05","AR",3009733,,298712969,305176094.991913,,99.2489928508609,101.396401272775
2019,"05","AR",3017804,1948,,,64.5502491215467,,
2010,"04","AZ",6407172,1690,406885400,495178788.249585,26.3766916199534,63.5046788192981,77.2850780733817
2011,"04","AZ",6472643,,378542600,446215431.211697,,58.4834664912,68.9386748522507
2012,"04","AZ",6554978,1647,,,25.1259424516757,,
2014,"04","AZ",6730413,,293116400,319660435.200909,,43.5510272549396,47.494921218194
2015,"04","AZ",6829676,,277435900,302468322.442916,,40.6221173595936,44.2873604022966
2016,"04","AZ",6941072,1375.25,5253848049,5718313350.6659,19.8132219345945,756.921704457179,823.837204205042
2017,"04","AZ",7044008,,488140950,517236989.739817,,69.2987500865984,73.4293586463583
2018,"04","AZ",7158024,,564054706,576258918.771255,,78.8003373556725,80.50530687956
2019,"04","AZ",7278717,1369,,,18.8082597523712,,
2010,"06","CA",37319502,4162,3182410054,3872987220.11903,11.1523460307696,85.274719207132,103.779177442374
2011,"06","CA",37638369,,3266009965,3849881215.15035,,86.7734190341776,102.286079801979
2012,"06","CA",37948800,3313,,,8.73018382662956,,
2014,"06","CA",38596972,,3014311523,3287281548.46776,,78.0970984718698,85.169415581817
2015,"06","CA",38918045,,1418726042,1546734528.33544,,36.4541960419646,39.7433768406259
2016,"06","CA",39167117,3441,2713140601,2952995209.65114,8.78543090113066,69.2708784514316,75.3947554947979
2017,"06","CA",39358497,,2772623026,2937887484.44797,,70.4453482052427,74.6443006817046
2018,"06","CA",39461588,,2986961738,3051589364.01284,,75.6928924907938,77.3306275462822
2019,"06","CA",39512223,3779,,,9.56412905444475,,
2010,"08","CO",5047349,1224.1,425645086,518009291.829765,24.2523352357842,84.3304249418853,102.629973047191
2011,"08","CO",5121108,,406825422,479554430.876764,,79.4408987273848,93.6427099129258
2012,"08","CO",5192647,1272,,,24.4961769979742,,
2014,"08","CO",5350101,,336309154,366764638.654437,,62.8603374029761,68.5528438910662
2015,"08","CO",5450623,,220302319,240179705.86436,,40.4178236139245,44.0646336876281
2016,"08","CO",5539215,1328,546768638,595105601.311769,23.9745162446303,98.7086867001913,107.435006821683
2017,"08","CO",5611885,,570816931,604840940.066513,,101.71572136635,107.778569957601
2018,"08","CO",5691287,,559663110,571772303.668641,,98.3368278563355,100.464500150606
2019,"08","CO",5758736,1388,,,24.1025113844427,,
2010,"09","CT",3579114,816,255118639,310478917.454161,22.7989385082453,71.2798304273069,86.7474233718628
2011,"09","CT",3588283,,253810899,299185190.104135,,70.7332445629288,83.3783706870764
2012,"09","CT",3594547,797.96,,,22.1991811485564,,
2014,"09","CT",3594524,,299579920,326709278.650575,,83.3434190451921,90.8908324580876
2015,"09","CT",3587122,,305555567,333125164.276087,,85.1812586803571,92.8669736563425
2016,"09","CT",3578141,701.98,284720889,309891577.677443,19.6185672951401,79.5722943841509,86.6068658774046
2017,"09","CT",3573297,,291302148,308665450.289025,,81.5219524153744,86.381134926379
2018,"09","CT",3571520,,296512388,302927900.952861,,83.0213432936117,84.817640935193
2019,"09","CT",3565287,678.89,,,19.0416648084712,,
2010,"11","DC",605226,836,175659936,213777821.107564,138.130219124757,290.238581951205,353.219823846901
2011,"11","DC",619800,,204320692,240847518.050154,,329.655843820587,388.589090109961
2012,"11","DC",634924,798,,,125.68433387303,,
2014,"11","DC",662328,,275767006,300739914.764277,,416.360181058328,454.064926689309
2015,"11","DC",675400,,245915548,268103959.387341,,364.10356529464,396.955817866954
2016,"11","DC",685815,548,214217803,233155681.591966,79.9049306299804,312.355085555142,339.968769408611
2017,"11","DC",694906,,200132434,212061491.074376,,287.999289112484,305.165721801763
2018,"11","DC",701547,,210484845,215039016.441493,,300.029570363782,306.521183101763
2019,"11","DC",705749,575,,,81.473725077896,,
2010,"10","DE",899593,645.1,106069920,129086898.805734,71.7102067268198,117.908787640633,143.494779089804
2011,"10","DE",907381,,93253009,109924039.256673,,102.771613026942,121.144303502799
2012,"10","DE",915179,629.5,,,68.7843580326909,,
2014,"10","DE",932487,,148727840,162196335.861423,,159.495885733528,173.939514289661
2015,"10","DE",941252,,130587377,142369984.754715,,138.737954341664,151.255970510251
2016,"10","DE",948921,712.9,137750113,149927881.978536,75.1274342121209,145.16499582157,157.998275913945
2017,"10","DE",956823,,138855073,147131642.958089,,145.120960721053,153.771014030901
2018,"10","DE",965479,,135448231.34,138378867.353103,,140.29122470815,143.326646517534
2019,"10","DE",973764,677.18,,,69.5425174888371,,
2010,"12","FL",18845537,15364,2193575221,2669577035.37433,81.5259336998463,116.397597001348,141.655662843374
2011,"12","FL",19053237,,2157422882,2543109762.54089,,113.231304580949,133.473895409
2012,"12","FL",19297822,15026,,,77.8637091792017,,
2014,"12","FL",19845911,,2239902932,2442744063.62425,,112.864707092559,123.085509333598
2015,"12","FL",20209042,,2683295879,2925403681.13542,,132.776995515176,144.757167664624
2016,"12","FL",20613477,13768,2349947013,2557693570.97281,66.7912550609487,114.000515924606,124.078706904847
2017,"12","FL",20963613,,2546553711,2698343123.4122,,121.474943799048,128.715556970652
2018,"12","FL",21244317,,2552221460,2607442794.74976,,120.13666807928,122.736014283244
2019,"12","FL",21477737,12471.2,,,58.0657077605522,,
2010,"13","GA",9711881,1023,615462654,749016925.209393,10.5334898563934,63.3721370762265,77.123775014273
2011,"13","GA",9802431,,690032912,813391500.397426,,70.3940595960329,82.9785489331601
2012,"13","GA",9901430,1001,,,10.1096508282137,,
2014,"13","GA",10067278,,695676334.66,758675392.766794,,69.1027241584071,75.3605287116134
2015,"13","GA",10178447,,603744048.61,658218527.47954,,59.3159298869464,64.6678739378944
2016,"13","GA",10301890,974,749288576,815529270.675761,9.45457581084636,72.7331175153297,79.1630730551152
2017,"13","GA",10410330,,849319868,899944271.937313,,81.5843367117085,86.4472376896134
2018,"13","GA",10511131,,741251983,757290138.20271,,70.5206683276995,72.0464941596399
2019,"13","GA",10617423,985.5,,,9.28191332303517,,
2010,"15","HI",1363963,2677,459480968,559187498.391406,196.266321007241,336.872017789339,409.972630043048
2011,"15","HI",1379329,,442480464,521583597.319064,,320.793997661182,378.142993672332
2012,"15","HI",1394804,2593,,,185.904256081858,,
2014,"15","HI",1414538,,260021186,283568184.783303,,183.820573218959,200.46699684512
2015,"15","HI",1422052,,278956338,304125946.172355,,196.164653613229,213.864152768222
2016,"15","HI",1427559,2631,649529627,706951153.342566,184.300613845032,454.993192575578,495.216767462897
2017,"15","HI",1424393,,658870918,698143456.830306,,462.562591925122,490.134012755122
2018,"15","HI",1420593,,608329638,621491808.72252,,428.222325465492,437.487590550228
2019,"15","HI",1415872,2761,,,195.003503141527,,
2010,"19","IA",3050745,501.5,223425133,271907978.5695,16.4386076187948,73.2362531119448,89.1283862038617
2011,"19","IA",3066336,,205661795,242428372.763585,,67.0708607928159,79.0612551147639
2012,"19","IA",3076190,410,,,13.3281754377981,,
2014,"19","IA",3109350,,440193925,480057006.835155,,141.571043787287,154.391434491182
2015,"19","IA",3120960,,448303334,488752743.897045,,143.642768250795,156.603334838333
2016,"19","IA",3131371,465.65,226615438.58,246649327.466879,14.8704832483918,72.3693994036478,78.7672005223522
2017,"19","IA",3141550,,236022011.05,250090295.657104,,75.1291595072496,79.6072943792409
2018,"19","IA",3148618,,231524158.32,236533548.472705,,73.5319935031814,75.1229741025124
2019,"19","IA",3155070,413,,,13.0900423762389,,
2010,"16","ID",1570746,206,86342346,105078477.298292,13.1147874958778,54.9690058099782,66.8971796192968
2011,"16","ID",1583910,,87032365,102591318.065255,,54.9477969076526,64.7709264195917
2012,"16","ID",1595324,213.5,,,13.382861412478,,
2014,"16","ID",1631112,,85881356,93658599.9098112,,52.6520287999843,57.4200912689081
2015,"16","ID",1651059,,85224196,92913785.1145661,,51.6178985729765,56.2752664287382
2016,"16","ID",1682380,228,43986381,47874987.5089463,13.5522295795242,26.1453304247554,28.4567027121972
2017,"16","ID",1717715,,103058525,109201412.497816,,59.9974530117045,63.5736501677029
2018,"16","ID",1750536,,99819918,101979679.287554,,57.0224879693991,58.2562593900118
2019,"16","ID",1787065,243.09,,,13.6027508792349,,
2010,"17","IL",12840503,1178.8,368982775,449051362.888591,9.18032572400006,28.7358505348272,34.971477588424
2011,"17","IL",12867454,,316133550,372649388.295358,,24.5684616397307,28.9606155417659
2012,"17","IL",12882510,1057,,,8.20492279842981,,
2014,"17","IL",12884493,,418260100,456136898.49212,,32.462286253716,35.402005999935
2015,"17","IL",12858913,,354074236,386021564.560235,,27.5353162432937,30.0197664110672
2016,"17","IL",12820527,1124,348252507,379039694.64058,8.76719030348752,27.163665502986,29.5650634830051
2017,"17","IL",12778828,,530151997,561752139.485188,,41.4867464371537,43.9595978195487
2018,"17","IL",12723071,,383313434,391607024.421027,,30.1274302407021,30.7792846885022
2019,"17","IL",12671821,1169,,,9.2251934429945,,
2010,"18","IN",6490432,833,353322522,429992863.605446,12.8342766706438,54.4374429930088,66.2502686424334
2011,"18","IN",6516528,,330033623,389034405.642333,,50.6456234055927,59.6996446025143
2012,"18","IN",6537703,792,,,12.114346583196,,
2014,"18","IN",6593644,,341199424,372097761.729263,,51.7467160799097,56.4327952387577
2015,"18","IN",6608422,,341242237,372031762.91193,,51.6374766926204,56.2966110384491
2016,"18","IN",6634304,741,352242272,383382173.953408,11.1692198608927,53.0940807053762,57.7878514390368
2017,"18","IN",6658078,,393093818,416524495.860573,,59.0401341047672,62.5592694859648
2018,"18","IN",6695497,,397055591,405646514.651616,,59.3018846845873,60.5849744464997
2019,"18","IN",6732219,776,,,11.5266600804282,,
2010,"20","KS",2858190,260,189260493,230329674.122638,9.09666607188466,66.216904054664,80.585851228448
2011,"20","KS",2869225,,192070034,226406784.980489,,66.941433313874,78.9086896219324
2012,"20","KS",2885257,385.95,,,13.3766246819607,,
2014,"20","KS",2900475,,188471440,205539036.824081,,64.9795085287755,70.863922917481
2015,"20","KS",2909011,,174349114,190080245.674726,,59.9341542537997,65.3418793104343
2016,"20","KS",2910844,327.36,177123630,192782206.242183,11.2462227450183,60.8495783353557,66.2289721614015
2017,"20","KS",2908718,,175671017,186142031.348962,,60.3946539334511,63.994526574581
2018,"20","KS",2911359,,179863752,183755387.821658,,61.7799975887549,63.1167052299829
2019,"20","KS",2913314,1435.52,,,49.2744688694731,,
2010,"21","KY",4348181,431,389724405,474293888.694927,9.91219086785946,89.6292967105095,109.078690306343
2011,"21","KY",4369821,,386479989,455571803.40159,,88.4429794721569,104.254110958227
2012,"21","KY",4386346,470,,,10.7150689890857,,
2014,"21","KY",4414349,,344217478,375389124.665966,,77.976951527847,85.0383883707351
2015,"21","KY",4425976,,344341595,375410769.071226,,77.8001496167173,84.8198835852762
2016,"21","KY",4438182,510,322332097,350827796.394695,11.4911916636136,72.6270569796372,79.0476362606794
2017,"21","KY",4452268,,338242238,358403442.66544,,75.9707721996969,80.4990720831362
2018,"21","KY",4461153,,325245632,332282833.983471,,72.9061818771963,74.4836220554352
2019,"21","KY",4467673,440,,,9.84852741013051,,
2010,"22","LA",4544532,1778,325278239,395863022.443123,39.1239405949832,71.5757395921076,87.107544284675
2011,"22","LA",4575625,,317836888,374657235.497151,,69.4630543368392,81.8811059685072
2012,"22","LA",4600972,1157,,,25.1468602721338,,
2014,"22","LA",4644013,,318063627,346866833.204828,,68.4889613788764,74.6911848017711
2015,"22","LA",4664628,,329424464,359147698.613397,,70.6218082127878,76.9938564475875
2016,"22","LA",4678135,1218,326832206,355725736.558581,26.0360164894771,69.8637824688685,76.040075063798
2017,"22","LA",4670560,,302990462,321050455.784864,,64.87240545031,68.739178125292
2018,"22","LA",4659690,,323411894,330409420.171035,,69.4063111494542,70.9080261071091
2019,"22","LA",4648794,1357.2,,,29.1946685527472,,
2010,"25","MA",6566307,2902.18,766247024,932521227.953058,44.1980553148063,116.693755561536,142.016087269916
2011,"25","MA",6613583,,762569729,898895871.837731,,115.303569789628,135.916623687603
2012,"25","MA",6663005,2932.15,,,44.0064205264742,,
2014,"25","MA",6762596,,893837854,974782023.144001,,132.173776756737,144.143169744873
2015,"25","MA",6794228,,961945215,1048739386.15385,,141.582710353553,154.357402511933
2016,"25","MA",6823608,2864,941078822,1024274691.93667,41.97193039225,137.915135511888,150.107493269934
2017,"25","MA",6859789,,973701192,1031739446.27295,,141.943315166108,150.403962319096
2018,"25","MA",6882635,,1005844124,1027607147.29089,,146.142302185137,149.304321279697
2019,"25","MA",6892503,2561,,,37.1563131709917,,
2010,"24","MD",5788645,9054,427487221,520251166.758411,156.409660637334,73.8492723253888,89.8744294663796
2011,"24","MD",5839419,,423845330,499617022.477824,,72.5834761985739,85.5593719987936
2012,"24","MD",5886992,8246,,,140.071533985438,,
2014,"24","MD",5957283,,449708061,490432723.971149,,75.4887859112955,82.3248994501602
2015,"24","MD",5985562,,466395328,508477138.161908,,77.9200562954657,84.9506091761991
2016,"24","MD",6003323,9069,420293892,457449882.716799,151.066334428449,70.0102080131287,76.199445326663
2017,"24","MD",6023868,,440931365,467213438.893968,,73.1973816491331,77.5603713251963
2018,"24","MD",6035802,,443042284,452628202.25063,,73.4023886138081,74.9905650070412
2019,"24","MD",6045680,7849.99,,,129.844616321076,,
2010,"23","ME",1327629,423.5,107751511,131133391.979761,31.8989717760007,81.160859698003,98.772617937512
2011,"23","ME",1328284,,108077254,127398444.713451,,81.3660738215623,95.9120524778218
2012,"23","ME",1327729,387,,,29.1475142894371,,
2014,"23","ME",1330513,,119582763,130411938.953628,,89.8771849654983,98.0162831581711
2015,"23","ME",1328262,,112045316,122154914.948305,,84.3548305981802,91.9659788116386
2016,"23","ME",1331317,492,107869368,117405536.172615,36.9558865394192,81.0245553838793,88.1875136970497
2017,"23","ME",1334612,,105244906,111518114.52182,,78.858054625614,83.558453334617
2018,"23","ME",1339057,,103518596,105758384.016884,,77.307087002271,78.9797477007205
2019,"23","ME",1344212,324.5,,,24.1405373557147,,
2010,"26","MI",9877510,535,769041300,935921856.738742,5.41634480754765,77.8578103185924,94.752812878827
2011,"26","MI",9882412,,814665900,960305381.381025,,82.4359377042771,97.1731781048012
2012,"26","MI",9897145,487,,,4.9206109438631,,
2014,"26","MI",9929848,,713111600,777689560.880307,,71.8149562813046,78.3183751534068
2015,"26","MI",9931715,,556486400,606696926.642505,,56.0312493864353,61.0868240422228
2016,"26","MI",9950571,474,,,4.76354573018975,,
2017,"26","MI",9973114,,,,,,
2018,"26","MI",9984072,,6985573518,7136717413.50527,,699.67178902556,714.810291182322
2019,"26","MI",9986857,515,,,5.15677755273756,,
2010,"27","MN",5310828,1414,500432252,609025136.184221,26.6248502116807,94.2286686746398,114.676117581707
2011,"27","MN",5346143,,505192264,595506513.469219,,94.496586417535,111.389933540726
2012,"27","MN",5376643,1440,,,26.7825109459564,,
2014,"27","MN",5451079,,514329128,560905745.611586,,94.353636775398,102.898113494885
2015,"27","MN",5482032,,533182812,581290707.875356,,97.2600692589901,106.03562837199
2016,"27","MN",5522744,1445,546786462,595125001.038638,26.1645298061978,99.0063023018992,107.758933066359
2017,"27","MN",5566230,,569671886,603627643.724715,,102.344295151296,108.444610396034
2018,"27","MN",5606249,,573473902,585881913.925655,,102.291907120073,104.505153789219
2019,"27","MN",5639632,1504,,,26.6684067329216,,
2010,"29","MO",5995974,1803.35,393529045,478924128.622252,30.0760143389548,65.6322133818459,79.8742837481037
2011,"29","MO",6010275,,377768078,445302446.33704,,62.8537093560611,74.0901949306879
2012,"29","MO",6024367,1815.85,,,30.1417559720382,,
2014,"29","MO",6056202,,398743578,434852999.276218,,65.8405347113587,71.8029219098401
2015,"29","MO",6071732,,407506438,444274834.967457,,67.1153532468166,73.1710218710999
2016,"29","MO",6087135,1878.05,1296420181,1411029927.00675,30.8527739240217,212.977070658035,231.805262575373
2017,"29","MO",6106670,,1390669617,1473561614.56994,,227.72961646855,241.303626128469
2018,"29","MO",6121623,,1389281626.03,1419340924.14933,,226.946616286236,231.856964100751
2019,"29","MO",6137428,1697,,,27.6500188678384,,
2010,"28","MS",2970548,2389,253898742,308994305.034425,80.4228714701799,85.4720213240116,104.019293758063
2011,"28","MS",2978731,,248925981,293426985.368911,,83.5677948092661,98.5073796086022
2012,"28","MS",2983816,2338,,,78.3560380398791,,
2014,"28","MS",2990468,,314925163,343444156.179242,,105.30965822072,114.846290339586
2015,"28","MS",2988471,,318806862,347572094.067243,,106.678921093763,116.304322199293
2016,"28","MS",2987938,2015,346193553,376798719.257052,67.4378116279521,115.863700317744,126.106605711716
2017,"28","MS",2988510,,330360098,350051481.277428,,110.543413942065,117.132444354353
2018,"28","MS",2981020,,321442334,328397245.635512,,107.829646899383,110.162711298654
2019,"28","MS",2976149,1765,,,59.3048264720617,,
2010,"30","MT",990697,199,68801137,83730858.0004437,20.086868134253,69.4472043419936,84.5171207750136
2011,"30","MT",997316,,62740185,73956375.5943891,,62.9090328441537,74.1554087113705
2012,"30","MT",1003783,191.95,,,19.1226589810746,,
2014,"30","MT",1021869,,64425767,70260035.6628709,,63.0469923248479,68.7564019095118
2015,"30","MT",1030475,,118304962,128979354.844895,,114.806241781703,125.164952905112
2016,"30","MT",1040859,195,76342479,83091519.3620269,18.734526002081,73.3456491225036,79.8297553866825
2017,"30","MT",1052482,,72695851,77028946.5323781,,69.0708734211131,73.1878992062364
2018,"30","MT",1060665,,69265753,70764426.7605079,,65.3040809303597,66.7170376702427
2019,"30","MT",1068778,234.5,,,21.9409456407224,,
2010,"37","NC",9574323,1850,788957975,960160413.817617,19.3225150227332,82.4035260769874,100.284940649863
2011,"37","NC",9657592,,739133562,871269973.553484,,76.5339395161858,90.2160676857631
2012,"37","NC",9749476,1827.91,,,18.7488024997446,,
2014,"37","NC",9932887,,474595600,517574028.749113,,47.7802274404209,52.107109317675
2015,"37","NC",10031646,,454773148,495806314.783501,,45.3338512941944,49.4242235804075
2016,"37","NC",10154788,1924,728300413,792685653.660287,18.9467273959831,71.7199032613975,78.0602858139714
2017,"37","NC",10268233,,754744343,799731495.578225,,73.5028454262773,77.8840425200933
2018,"37","NC",10381615,,739897963,755906821.845458,,71.270025232105,72.8120645819998
2019,"37","NC",10488084,1664,,,15.8656242646417,,
2010,"38","ND",674715,335,78083351,95027295.4759425,49.6505932134309,115.727901410225,140.840644532792
2011,"38","ND",685225,,80965605,95439991.0297834,,118.159152103324,139.282704264706
2012,"38","ND",701176,331,,,47.2064075210789,,
2014,"38","ND",737401,,79398348,86588503.6658242,,107.673230711648,117.423903230161
2015,"38","ND",754066,,82371244,89803417.6190467,,109.236119915233,119.092251366653
2016,"38","ND",754434,355,85857366,93447567.8915488,47.0551433259901,113.803680640056,123.864470439493
2017,"38","ND",754942,,89034608,94341588.4788699,,117.93569307311,124.965346316498
2018,"38","ND",758080,,86342461,88210616.2587522,,113.8962391832,116.360563870241
2019,"38","ND",762062,345.5,,,45.3375184696258,,
2010,"31","NE",1829542,468.5,159369227,193952058.024528,25.6075017682021,87.108810292412,106.011262941505
2011,"31","NE",1840672,,156736377,184756458.188891,,85.1517146998488,100.374460082454
2012,"31","NE",1853303,462.15,,,24.9365592134691,,
2014,"31","NE",1879321,,136267156.68,148607237.970715,,72.5087181380935,79.0749626970139
2015,"31","NE",1891277,,156551002.15,170676249.89076,,82.7752900024692,90.2439197911039
2016,"31","NE",1905616,453.4,162555539,176926226.304797,23.7928312944476,85.3034079268856,92.8446372746646
2017,"31","NE",1915947,,165841610,175726734.522077,,86.5585582482188,91.7179517607102
2018,"31","NE",1925614,,163726084,167268555.934168,,85.025391381658,86.8650497629162
2019,"31","NE",1934408,428,,,22.1256322347716,,
2010,"33","NH",1316762,249,87410665,106378619.569025,18.9100232236349,66.3830403672038,80.7880388172082
2011,"33","NH",1320202,,84841539,100008833.64131,,64.2640588334209,75.7526754552031
2012,"33","NH",1324232,244,,,18.4257743356149,,
2014,"33","NH",1333341,,111733975.8,121852381.275684,,83.8,91.38876047139
2015,"33","NH",1336350,,86940665,94785127.2838934,,65.0583043364388,70.9283700257368
2016,"33","NH",1342307,227,78843745,85813909.2423527,16.9111835072007,58.7374907528606,63.9301659324973
2017,"33","NH",1348787,,77645675,82273808.8318879,,57.5670398661909,60.9983702629754
2018,"33","NH",1353465,,84783974,86618408.9356223,,62.6421621541747,63.9975240849393
2019,"33","NH",1359711,215,,,15.8121836184307,,
2010,"34","NJ",8799446,1762,3514717482,4277404752.72987,20.0239878737821,399.424859474108,486.099324063114
2011,"34","NJ",8828117,,3472819064,4093661997.78561,,393.38163098654,463.707265975928
2012,"34","NJ",8844942,1208,,,13.6575231358216,,
2014,"34","NJ",8864525,,1791172306,1953377289.21267,,202.060720230356,220.358935105115
2015,"34","NJ",8867949,,1726993809,1882816608.36803,,194.745572961685,212.317031634714
2016,"34","NJ",8870827,1067,2291487156,2494065582.94511,12.0281908327149,258.317195905184,281.153671799158
2017,"34","NJ",8885525,,2169085092,2298375179.29113,,244.114454914032,258.665096242612
2018,"34","NJ",8886025,,3165523152,3234014235.69879,,356.23612942795,363.943859678404
2019,"34","NJ",8882190,5971,,,67.2244119974916,,
2010,"35","NM",2064552,4032,122268795,148800900.07859,195.296606721458,59.2229185799147,72.0741836866253
2011,"35","NM",2080450,,113323670,133582773.182046,,54.4707491167776,64.2085958240025
2012,"35","NM",2087309,3245.5,,,155.487280512852,,
2014,"35","NM",2089568,,175523712,191418788.460826,,84,91.6068720715604
2015,"35","NM",2089291,,175918302.2,191791018.225975,,84.2,91.7971781939306
2016,"35","NM",2091630,3775,204124397,222169970.21524,180.481251464169,97.5910639070964,106.21858082703
2017,"35","NM",2091784,,191539426,202956289.819021,,91.5674974089103,97.0254528283137
2018,"35","NM",2092741,,188297820,192371940.178768,,89.9766478508329,91.9234344712355
2019,"35","NM",2096829,3587.5,,,171.09168177281,,
2010,"32","NV",2702405,1522,217543602.5,264750166.699025,56.3202036704343,80.5,97.9683528927104
2011,"32","NV",2712730,,220816222,260291987.528663,,81.4,95.9520437082434
2012,"32","NV",2743996,1545.4,,,56.3193240806474,,
2014,"32","NV",2817628,,236117226.4,257499530.389482,,83.8,91.38876047139
2015,"32","NV",2866939,,241396263.8,263176910.254129,,84.2,91.7971781939306
2016,"32","NV",2917563,1648,181575219,197627337.005952,56.4854983422809,62.2352350232026,67.7371275293632
2017,"32","NV",2969905,,194868248,206483528.971278,,65.614303487822,69.5252976008585
2018,"32","NV",3027341,,194118706,198318770.223743,,64.1218501648807,65.5092274784187
2019,"32","NV",3080156,1708.82,,,55.478358888316,,
2010,"36","NY",19399878,3864,1561690179,1900574093.97953,19.9176510285271,80.5,97.9683528927104
2011,"36","NY",19499241,,1721808483,2029619690.63931,,88.301307881676,104.087112449111
2012,"36","NY",19572932,3127,,,15.9761450149625,,
2014,"36","NY",19651049,,4938873972,5386128525.36385,,251.328769878901,274.088600835704
2015,"36","NY",19654666,,4128673660,4501194675.43477,,210.060738757911,229.014050680626
2016,"36","NY",19633428,3151,1848949049,2012404990.20715,16.0491586084712,94.1735212516123,102.498911051455
2017,"36","NY",19589572,,1864089907,1975200507.35562,,95.1572554520334,100.829181329517
2018,"36","NY",19530351,,1819088159,1858446999.03086,,93.1416009369212,95.1568663067478
2019,"36","NY",19453561,3280,,,16.8606662810989,,
2010,"39","OH",11539336,1195.5,653445283,795241715.292186,10.3602148338518,56.6276329071274,68.9157257655195
2011,"39","OH",11544663,,622994267,734368220.358342,,53.9638330716107,63.611057365498
2012,"39","OH",11548923,1145.5,,,9.91867380187746,,
2014,"39","OH",11602700,,592741807,646419320.063269,,51.0865408051574,55.712835810912
2015,"39","OH",11617527,,581819877,634316186.766505,,50.0812158215772,54.5999322202139
2016,"39","OH",11634370,1075,565222417,615190782.657283,9.23986429862554,48.5821249453129,52.8770172048235
2017,"39","OH",11659650,,538762178,570875537.351225,,46.2074057111491,48.9616358425188
2018,"39","OH",11676341,,572942564,585339079.590395,,49.0686734825576,50.1303515879157
2019,"39","OH",11689100,1044.5,,,8.93567511613383,,
2010,"40","OK",3759944,2101.49,353653469,430395625.499667,55.8915239163136,94.058174536642,114.468626527328
2011,"40","OK",3788379,,337939571,398353716.060651,,89.2042667853454,105.151495154168
2012,"40","OK",3818814,2029.96,,,53.156817797358,,
2014,"40","OK",3878187,,366636501,399838369.569899,,94.5381181980137,103.099301186327
2015,"40","OK",3909500,,349740633,381296950.227542,,89.459172016882,97.5308735714394
2016,"40","OK",3926331,2206,346951738,377623931.43817,56.1847689356807,88.3653818284806,96.1773043174836
2017,"40","OK",3931316,,343040263,363487457.861659,,87.2583793823748,92.4594863047536
2018,"40","OK",3940235,,325541701,332585308.903026,,82.6198693732734,84.4074804936826
2019,"40","OK",3956971,1629,,,41.167852885452,,
2010,"41","OR",3837491,679.64,235349681,286420131.694346,17.7105301354453,61.329050934582,74.6373429134676
2011,"41","OR",3872036,,275054858,324226974.901483,,71.0362346837684,83.7355269686239
2012,"41","OR",3899001,633.02,,,16.2354408218926,,
2014,"41","OR",3963244,,467032714,509326262.912282,,117.841019629374,128.512466785361
2015,"41","OR",4015792,,234501887,255660469.213206,,58.3949285719978,63.6637727285692
2016,"41","OR",4089976,673.32,260586566,283623665.066903,16.4626882896134,63.7134706902926,69.3460463012261
2017,"41","OR",4143625,,240342372,254668175.247758,,58.0029254577815,61.4602371710177
2018,"41","OR",4181886,,252714189,258182058.871599,,60.4306738634195,61.7381867587015
2019,"41","OR",4217737,534.68,,,12.6769402644119,,
2010,"42","PA",12711160,1336,900064000,1095376243.20527,10.5104490856853,70.808958427083,86.1743730080711
2011,"42","PA",12745815,,888579000,1047432076.73498,,69.7153536278378,82.1785093173703
2012,"42","PA",12767118,1255,,,9.8299396935158,,
2014,"42","PA",12788313,,1497620000,1633241473.23584,,117.10848803904,127.713598598645
2015,"42","PA",12784826,,1774568000,1934683312.50887,,138.802671229159,151.326526658155
2016,"42","PA",12782275,1105,913011000,993725540.196875,8.64478349902502,71.4278952690347,77.7424629181327
2017,"42","PA",12787641,,943009000,999217821.118172,,73.7437812024908,78.1393394698969
2018,"42","PA",12800922,,972683000,993728530.096123,,75.9853860526609,77.6294496674633
2019,"42","PA",12801989,1116.2,,,8.71895765572053,,
2010,"44","RI",1053959,365,131649235,160216878.416588,34.6313281636193,124.909256432176,152.014336816317
2011,"44","RI",1053649,,119439169,140791552.387767,,113.357644718497,133.622821630132
2012,"44","RI",1054621,390,,,36.9801094421598,,
2014,"44","RI",1055936,,247046476,269418510.984069,,233.959705891266,255.14662913668
2015,"44","RI",1056065,,124790005,136049528.810053,,118.165079800959,128.826851387039
2016,"44","RI",1056770,444,128882069,140275860.464678,42.0148187401232,121.958485763222,132.740199347708
2017,"44","RI",1055673,,154376398,163578129.203042,,146.235053847167,154.951513587107
2018,"44","RI",1058287,,159561445,163013808.404036,,150.773320469778,154.035538945519
2019,"44","RI",1059361,523.4,,,49.4071426076663,,
2010,"45","SC",4635649,3735,373169744.5,454146897.11874,80.5712425595639,80.5,97.9683528927104
2011,"45","SC",4671994,,380300311.6,448287372.492651,,81.4,95.9520437082434
2012,"45","SC",4717354,2946.9,,,62.4693419234596,,
2014,"45","SC",4823617,,302495898,329889321.788783,,62.7114254717984,68.390446793098
2015,"45","SC",4891938,,376996654,411012221.208475,,77.0648879850889,84.0182809366094
2016,"45","SC",4957968,2991,220578891,240079120.202279,60.3271340194209,44.4897770618931,48.4228861909312
2017,"45","SC",5021268,,221763572,234981970.709954,,44.1648547737344,46.7973369893728
2018,"45","SC",5084156,,221404148,226194575.775689,,43.5478667452376,44.4900934935295
2019,"45","SC",5148714,3176,,,61.6853062725955,,
2010,"46","SD",816166,401.2,90174839,109742614.275719,49.1566666584984,110.485904828184,134.461144271776
2011,"46","SD",823579,,89464874,105458691.651112,,108.629377388204,128.049272323738
2012,"46","SD",833566,411.2,,,49.3302270006214,,
2014,"46","SD",849129,,102447346,111724772.846344,,120.649920094591,131.5757356613
2015,"46","SD",853988,,99623583,108612396.686091,,116.656888621386,127.182579481317
2016,"46","SD",862996,430,100389289,109264182.404708,49.8264186624272,116.326482393893,126.610299937321
2017,"46","SD",872868,,108392394,114853211.113004,,124.179594165441,131.581420229638
2018,"46","SD",878698,,106217432,108515613.588338,,120.880475430694,123.495915079285
2019,"46","SD",884659,318,,,35.9460537902175,,
2010,"47","TN",6355311,2573,507258978,617333249.250927,40.485823589121,79.8165468220202,97.1365916240648
2011,"47","TN",6399291,,526580019,620717800.970217,,82.287243852483,96.9979019504218
2012,"47","TN",6453898,3046,,,47.19628354833,,
2014,"47","TN",6541223,,509973884,556156099.421724,,77.9630787698264,85.0232593234818
2015,"47","TN",6591170,,527722832,575338086.05831,,80.0651222772285,87.2892196769784
2016,"47","TN",6646010,2913,566904653,617021736.367412,43.8308097640539,85.3,92.8409280707389
2017,"47","TN",6708799,,546767118.5,579357618.863268,,81.5,86.3578740193689
2018,"47","TN",6771631,,533604522.8,545149897.854375,,78.8,80.5049622246657
2019,"47","TN",6829174,2918,,,42.7284471006303,,
2010,"48","TX",25241971,12104,3126006174,3804343801.23259,47.9518814121132,123.8416038906,150.715005624267
2011,"48","TX",25645629,,2900850300,3419441213.47262,,113.11285443613,133.33426969066
2012,"48","TX",26084481,11862,,,45.475315380053,,
2014,"48","TX",26964333,,3062308248,3339624760.93119,,113.568848448801,123.853416323378
2015,"48","TX",27470056,,3198763971,3487381309.33743,,116.445484166468,126.952100473965
2016,"48","TX",27914410,11181,3184915165,3466476902.05358,40.0545811285282,114.095736395647,124.182345321058
2017,"48","TX",28295273,,2071435829,2194905452.2698,,73.2078403696617,77.5714534462984
2018,"48","TX",28628666,,896335898,915729538.186571,,31.3090347276398,31.9864550512612
2019,"48","TX",28995881,3311.95,,,11.4221395790664,,
2010,"49","UT",2775332,1057,186384246,226829286.779748,38.0855335505806,67.1574593598171,81.7305053160301
2011,"49","UT",2814384,,204861700,241485243.151659,,72.7909553209512,85.8039425862494
2012,"49","UT",2853375,1000,,,35.0462171989311,,
2014,"49","UT",2936879,,221664257,241737728.974244,,75.4761285704995,82.3110958858856
2015,"49","UT",2981835,,227951260,248518793.750012,,76.4466377247567,83.3442473342797
2016,"49","UT",3041868,1012,238271275,259335595.587318,33.2690307403214,78.3305768034642,85.2553745222733
2017,"49","UT",3101042,,247753884,262521456.46971,,79.8937531320118,84.6558854958139
2018,"49","UT",3153550,,245988851,251311207.581776,,78.0037896973252,79.6915246569027
2019,"49","UT",3205958,1050,,,32.7515207622807,,
2010,"51","VA",8023699,3897.5,528826887,643581355.090304,48.5748530696378,65.9081163189197,80.2100571183321
2011,"51","VA",8101155,,561734353,662156746.824052,,69.3400327484167,81.7360915602839
2012,"51","VA",8185080,3750.23,,,45.8178783835955,,
2014,"51","VA",8310993,,602452386,657009269.684623,,72.4886167032026,79.053040916365
2015,"51","VA",8361808,,633778537,690962960.765767,,75.7944378775499,82.6332009495754
2016,"51","VA",8410106,3682,629589835,685248588.338844,43.7806610285292,74.8611057934347,81.4791856771893
2017,"51","VA",8463587,,648641007,687303783.635615,,76.6390192479855,81.2071505421537
2018,"51","VA",8501286,,660963939,675264935.80027,,77.7487004907258,79.4309161931818
2019,"51","VA",8535519,3184,,,37.3029454916567,,
2010,"50","VT",625879,430,100595513,122424555.490773,68.7033755725947,160.726774664112,195.604191050943
2011,"50","VT",627049,,101937807,120161436.275018,,162.56752981027,191.630058057693
2012,"50","VT",626090,445,,,71.0760433803447,,
2014,"50","VT",625214,,110955966,121003916.463552,,177.468780289629,193.539998246284
2015,"50","VT",625216,,118226771,128894108.845368,,189.09748151039,206.1593254897
2016,"50","VT",623657,532,119824051,130417070.340393,85.3032997304608,192.13133340923,209.116662428857
2017,"50","VT",624344,,122452864,129751766.903349,,196.13044091078,207.820955920692
2018,"50","VT",624358,,121525777,124155178.765332,,194.641178618677,198.85254736118
2019,"50","VT",623989,502,,,80.4501361402204,,
2010,"53","WA",6742830,1497,484411369,589527750.850099,22.2013605563243,71.8409583216543,87.4303149938674
2011,"53","WA",6826627,,537213509,633252261.624408,,78.6938423616817,92.7621007599226
2012,"53","WA",6897058,1649.76,,,23.9197640501211,,
2014,"53","WA",7054655,,522589770,569914454.836859,,74.0772964801255,80.7855883578799
2015,"53","WA",7163657,,510767432,556852838.13492,,71.2998168393601,77.7330402802536
2016,"53","WA",7294771,1575.7,531786719,578799208.999452,21.6004039057566,72.899713918367,79.3443973771695
2017,"53","WA",7423362,,550478727,583290460.817283,,74.1549081130625,78.5749719355304
2018,"53","WA",7523869,,564571068,576786453.077147,,75.0373335846225,76.6608845897166
2019,"53","WA",7614893,1823.8,,,23.9504350225276,,
2010,"55","WI",5690475,407.35,259283072,315547024.804994,7.15845338042958,45.5643987540583,55.4517900184069
2011,"55","WI",5705288,,258546185,304767012.822108,,45.316938426246,53.4183397616576
2012,"55","WI",5719960,394.45,,,6.89602724494577,,
2014,"55","WI",5751525,,241302413,263154277.122022,,41.9545099777885,45.7538265280985
2015,"55","WI",5760940,,236803750,258170024.177446,,41.1050540363205,44.8138713781859
2016,"55","WI",5772628,469.4,249735480,271813291.153476,8.13147841849501,43.2620082222516,47.0865767122835
2017,"55","WI",5790186,,244081219,258629879.274797,,42.1542967704319,44.6669380352889
2018,"55","WI",5807406,,307625644,314281609.76597,,52.9712653119138,54.117382143761
2019,"55","WI",5822434,419.1,,,7.19802062161632,,
2010,"54","WV",1854239,749.3,207829417,252928020.697419,40.4101089449634,112.083402948595,136.405296565016
2011,"54","WV",1856301,,218083952,257071264.058605,,117.48307628989,138.485765001799
2012,"54","WV",1856872,651,,,35.0589593682279,,
2014,"54","WV",1849489,,219814100.636,239720026.148657,,118.851261421939,129.614194055037
2015,"54","WV",1842050,,225264361,245589461.846305,,122.290036101083,133.323993293507
2016,"54","WV",1831023,684,203272467,221242725.527651,37.3561664708745,111.015791172476,120.830118205862
2017,"54","WV",1817004,,191953147,203394670.996901,,105.642666169144,111.939583510493
2018,"54","WV",1804291,,180038482,183933898.380662,,99.7835060974089,101.942479556048
2019,"54","WV",1792147,620.43,,,34.6193699512373,,
2010,"56","WY",564487,1485,41126850,50051301.2939822,263.070717306156,72.8570365659439,88.6668803603665
2011,"56","WY",567299,,37022012,43640512.4519792,,65.2601397146831,76.926827743358
2012,"56","WY",576305,1411,,,244.835633909128,,
2014,"56","WY",582531,,75069544.81,81867692.7128565,,128.867896832958,140.537915944141
2015,"56","WY",585613,,64144454,69932065.0117622,,109.533862807007,119.416858935444
2016,"56","WY",584215,212,68778333,74858666.6691481,36.2880104071275,117.727776589098,128.135475243101
2017,"56","WY",578931,,65525781,69431498.6578989,,113.18409447758,119.930524808481
2018,"56","WY",577601,,66217957.5,67650687.4001525,,114.643079738435,117.12356349825
2019,"56","WY",578759,212,,,36.6300999206924,,
